time,height,zeta,shear,metric_det,condition_number,capacity_damping,u_tendency
5.0,0.3713755120762506,0.8,0.0,0.33786932946913123,3.5468170730351507,0.9515514631814659,-0.010134191350447175
5.0,1.4971755441767614,0.8,0.00705168052055939,0.33798904163331933,3.545765452167388,0.9515514631814659,-0.0019473597769477991
5.0,3.2796094477199516,0.8,0.020731215583343263,0.33890404098117505,3.537753632640816,0.9516965713763568,0.0007377908225203456
5.0,5.566596934084805,0.8,0.02689035750683938,0.33961023738653,3.5316014701437006,0.9518080279432842,0.0007253528764000095
5.0,8.289928060180161,0.8,0.025712928091446922,0.3394611092869167,3.5328983618138996,0.9517845304409274,0.0004643822833921618
5.0,11.406269766435727,0.8,0.023709000096920188,0.33922265427889464,3.534974602774555,0.9517469148516411,0.00030847134766105456
5.0,14.884584669074052,0.8,0.021732067648763686,0.3390063641499902,3.536860537681908,0.9517127496443692,0.00021935339933172316
5.0,18.70109260378885,0.8,0.019795805137046117,0.3388127697564957,3.5385507479194396,0.9516821322289715,0.0001633330370497177
5.0,22.836754230877155,0.8,0.017903465794146547,0.3386410128742257,3.540052020896243,0.9516549389809128,0.00012525530250151462
5.0,27.275842503994657,0.8,0.016074261521127575,0.33849137799426626,3.5413612517796773,0.9516312255481658,9.793401072073493e-5
5.0,32.00505900686991,0.8,0.014328810403891301,0.33836361755550304,3.542480065732942,0.9516109619768197,7.756936418310545e-5
5.0,37.01295223591009,0.8,0.012684159104719931,0.3382566595959944,3.5434174002277223,0.9515939859629934,6.197000984045075e-5
5.0,42.289516044382495,0.8,0.01115265306807001,0.33816877145563573,3.5441880862565776,0.9515800285641479,4.9783853119933497e-5
5.0,47.82590185828014,0.8,0.009742016748585774,0.3380978118718711,3.544810637270783,0.951568754242199,4.0129328604088244e-5
5.0,53.6142060530465,0.8,0.0084558444245703,0.338041463980759,3.545305192998053,0.9515597980894928,3.240437900995374e-5
5.0,59.64730884488007,0.8,0.007294228694228375,0.33799741849710396,3.5456918945690434,0.9515527952381542,2.6181314964368597e-5
5.0,65.91874958842811,0.8,0.006254415875981678,0.3379635023963711,3.5459897371989815,0.9515474016203258,2.1146003834005e-5
5.0,72.42262847991273,0.8,0.0053314362957441975,0.3379377585233077,3.546215855777918,0.9515433068907103,1.7061182784594563e-5
5.0,79.15352784330068,0.8,0.004518682748903723,0.33791848534498764,3.546385163646495,0.9515402409563242,1.3743487107298335e-5
5.0,86.10644822334854,0.8,0.0038084233855149373,0.3379042468711239,3.5465102566399374,0.9515379757056626,1.10485697518925e-5
5.0,93.27675586560949,0.8,0.0031922429823814237,0.33789386204600264,3.5466015002247855,0.9515363234249528,8.861151034267323e-6
5.0,100.6601390856064,0.8,0.002661411439187393,0.33788638146380245,3.546667230119692,0.9515351331614054,7.088464711202391e-6
5.0,108.25257167054073,0.8,0.0022071360756809742,0.33788105707254595,3.5467140160186883,0.9515342859452195,5.726145558426765e-6
5.0,116.05028191168671,0.8,0.0018095777089321833,0.3378772127220067,3.546747797641927,0.9515336742161574,2.2429082827635228e-5
10.0,0.3713755120762506,0.8,0.0,0.33786932946913123,3.5468170730351507,0.9515603626429582,-0.0006786555910190728
10.0,1.4971755441767614,0.8,0.008542625698074067,0.33804501532727205,3.545274018271458,0.9515603626429582,-0.004189869679323621
10.0,3.2796094477199516,0.8,0.011229627765864567,0.3381729192210966,3.544151705174213,0.951580687429317,-0.000802679226650227
10.0,5.566596934084805,0.8,0.024026260635335736,0.33925911760788885,3.5346569136520367,0.9517526702835788,0.0005073515143228846
10.0,8.289928060180161,0.8,0.025781611428453147,0.3394696250138826,3.5328242722382845,0.951785872788553,0.0004699420204202553
10.0,11.406269766435727,0.8,0.02395281026959034,0.33925063269735145,3.534730832507087,0.9517513311224837,0.0003179828585199829
10.0,14.884584669074052,0.8,0.02186833287857905,0.33902066850182677,3.536735732373255,0.9517150105157731,0.00022318818260433915
10.0,18.70109260378885,0.8,0.01987212557325889,0.33882005872106746,3.538487073138796,0.9516832856339207,0.00016493267252695176
10.0,22.836754230877155,0.8,0.01795051795897239,0.3386450744647863,3.540016501130658,0.9516555823488179,0.00012601430601861808
10.0,27.275842503994657,0.8,0.016105440051734646,0.33849379351779263,3.541340107383276,0.9516316085164688,9.83334561004412e-5
10.0,32.00505900686991,0.8,0.014350523260467473,0.338365116739544,3.542466931988927,0.9516111998456429,7.779649617152273e-5
10.0,37.01295223591009,0.8,0.012699823795434528,0.338257616892784,3.543409008089398,0.9515941379498649,6.210707645859515e-5
10.0,42.289516044382495,0.8,0.011164248258933526,0.33816939443489547,3.5441826218900663,0.9515801275243332,4.987052356604238e-5
10.0,47.82590185828014,0.8,0.009750762816205374,0.3380982223082037,3.5448070355841352,0.9515688194675307,4.0186202626735226e-5
10.0,53.6142060530465,0.8,0.008462533241843814,0.3380417364171896,3.5453028014491865,0.9515598413988207,3.24428208102745e-5
10.0,59.64730884488007,0.8,0.007299395936816788,0.33799760003928353,3.5456903004822884,0.9515528241055591,2.6207919673026937e-5
10.0,65.91874958842811,0.8,0.006258436604799508,0.33796362351623915,3.545988673441931,0.9515474208837421,2.116476716764737e-5
10.0,72.42262847991273,0.8,0.005334580689201319,0.33793783926400484,3.546215146543372,0.9515433197340214,1.7074616321188786e-5
10.0,79.15352784330068,0.8,0.0045211500240762755,0.33791853903958885,3.546384691930444,0.9515402494984304,1.3753220143541966e-5
10.0,86.10644822334854,0.8,0.003810363240814304,0.33790428245123183,3.546509944034744,0.9515379813664706,1.1055688254479889e-5
10.0,93.27675586560949,0.8,0.003193769614102863,0.33789388551614846,3.546601294003696,0.9515363271592925,8.8664044346487e-6
10.0,100.6601390856064,0.8,0.0026626119750814197,0.33788639685124944,3.546667094911097,0.9515351356098144,7.093601119656512e-6
10.0,108.25257167054073,0.8,0.002207940588302029,0.3378810656236536,3.5467139408780883,0.9515342873058918,5.871959551839722e-6
10.0,116.05028191168671,0.8,0.0017990452171722379,0.33787712122144575,3.5467486016986016,0.9515336596560368,2.229782332410224e-5
15.0,0.3713755120762506,0.8,0.0,0.33786932946913123,3.5468170730351507,0.9515326728596422,-0.0035185235560053485
15.0,1.4971755441767614,0.8,0.0008128188052481645,0.33787091998626884,3.546803095825332,0.9515326728596422,-0.0014120516115744054
15.0,3.2796094477199516,0.8,0.010985499932112635,0.3381598626900309,3.544266230459791,0.9515786133676202,-0.001325023266038805
15.0,5.566596934084805,0.8,0.020837690278876206,0.33891469721758,3.537660596368671,0.9516982566874309,0.0001334208348845678
15.0,8.289928060180161,0.8,0.025237144840929652,0.3394027430223475,3.5334062735274436,0.9517753282485307,0.0004299733958688989
15.0,11.406269766435727,0.8,0.02412259849278189,0.33927028584985636,3.534559624136343,0.9517544328482032,0.00032414977163632843
15.0,14.884584669074052,0.8,0.02200769894518088,0.3390353908663938,3.5366072915943363,0.9517173372556132,0.0002271979583596817
15.0,18.70109260378885,0.8,0.019951472186285794,0.3388276664425989,3.538420616872469,0.951684489425682,0.00016663256271769454
15.0,22.836754230877155,0.8,0.017998672794087876,0.3386492422783437,3.539980053355739,0.9516562425266184,0.00012680214196851835
15.0,27.275842503994657,0.8,0.016137045843882303,0.33849624692085434,3.541318631734782,0.9516319974847409,9.87419617114682e-5
15.0,32.00505900686991,0.8,0.014372424401960647,0.33836663122373034,3.5424536643320614,0.9516114401399192,7.802691375520254e-5
15.0,37.01295223591009,0.8,0.01271558035497049,0.33825858099584427,3.543400556334922,0.9515942910164715,6.22454801925798e-5
15.0,42.289516044382495,0.8,0.01117589190710575,0.3381700206690987,3.5441771289948725,0.9515802270011962,4.9957789683752196e-5
15.0,47.82590185828014,0.8,0.009759536073490093,0.3380986343905404,3.544803419462717,0.9515688849542805,4.024336224919267e-5
15.0,53.6142060530465,0.8,0.008469238102023472,0.33804200972325177,3.54530040227048,0.951559884846324,3.2481408188544945e-5
15.0,59.64730884488007,0.8,0.007304573045408006,0.33799778205701864,3.5456887022215975,0.9515528530485515,2.623460252948462e-5
15.0,65.91874958842811,0.8,0.006262463612619413,0.33796374490327724,3.545987607339228,0.9515474401896364,2.1183574346217426e-5
15.0,72.42262847991273,0.8,0.005337729194123554,0.33793792015797436,3.5462144359628245,0.9515433326017072,1.7088075405524706e-5
15.0,79.15352784330068,0.8,0.004523620055692057,0.33791859282353726,3.546384219429618,0.9515402580547481,1.3762968559483113e-5
15.0,86.10644822334854,0.8,0.0038123049803673787,0.33790431808404503,3.546509630966554,0.9515379870356632,1.1062816457219072e-5
15.0,93.27675586560949,0.8,0.003195297536776752,0.337893909017377,3.5466010875095244,0.9515363308985771,8.871681332145442e-6
15.0,100.6601390856064,0.8,0.0026638117830328207,0.33788641223629945,3.546666959723579,0.9515351380578416,7.0999529530269e-6
15.0,108.25257167054073,0.8,0.002208655508949217,0.33788107322510974,3.546713874082306,0.9515342885154532,6.0143555895564305e-6
15.0,116.05028191168671,0.8,0.001788686803505106,0.337877031754138,3.5467493878886125,0.9515336454194518,2.216873725640056e-5
20.0,0.3713755120762506,0.8,0.0,0.33786932946913123,3.5468170730351507,0.9515369164133434,-0.001189526425724452
20.0,1.4971755441767614,0.8,0.0034261527759117836,0.33789758899064015,3.5465687537026973,0.9515369164133434,-0.0021439732941530565
20.0,3.2796094477199516,0.8,0.008300536892038276,0.3380351988553387,3.545360191741586,0.9515588021006347,-0.0011868194636752705
20.0,5.566596934084805,0.8,0.018563936416529807,0.3386990009144402,3.5395449847596416,0.951664122985909,-0.00014681013762327667
20.0,8.289928060180161,0.8,0.024322576037067056,0.3392936115246376,3.5343564499552746,0.9517581137142219,0.0003513246004796855
20.0,11.406269766435727,0.8,0.02416788425736556,0.3392755511772685,3.534513758834896,0.9517552637782116,0.0003230994171053325
20.0,14.884584669074052,0.8,0.022140173746805634,0.33904947197239343,3.536484456369925,0.9517195624599434,0.00023094160176224677
20.0,18.70109260378885,0.8,0.02003338164568111,0.33883555169459495,3.5383517396210813,0.951685737074488,0.00016841998142016478
20.0,22.836754230877155,0.8,0.018047998380134916,0.3386535229984986,3.53994261919817,0.951656920571701,0.00012762119473048729
20.0,27.275842503994657,0.8,0.016169103126260482,0.3384987402848801,3.541296806630328,0.9516323927827065,9.916017347588735e-5
20.0,32.00505900686991,0.8,0.014394520459994809,0.3383681615272728,3.542440258217682,0.9516116829419615,7.8260765015159e-5
20.0,37.01295223591009,0.8,0.012731430837607877,0.3382595520520172,3.5433920436781086,0.9515944451861075,6.238526007980027e-5
20.0,42.289516044382495,0.8,0.011187584740904375,0.3381706502056289,3.5441716071557194,0.951580327002258,5.0045663351738766e-5
20.0,47.82590185828014,0.8,0.009768336807540927,0.3380990481358303,3.5447997887579,0.9515689507051397,4.030081152155418e-5
20.0,53.6142060530465,0.8,0.008475959128252393,0.3380422839055248,3.545297995404222,0.9515599284330477,3.2520142658754025e-5
20.0,59.64730884488007,0.8,0.007309760076633811,0.33799796455304015,3.545687099763005,0.9515528820675658,2.6261364144808397e-5
20.0,65.91874958842811,0.8,0.0062664969270670254,0.33796386655868377,3.5459865388803467,0.951547459538199,2.1202425633148892e-5
20.0,72.42262847991273,0.8,0.0053408818246867915,0.3379380012057678,3.5462137240314378,0.9515433454938551,1.7101560158572228e-5
20.0,79.15352784330068,0.8,0.004526092851348398,0.33791864669709676,3.5463837461417085,0.9515402666253188,1.3772732416761357e-5
20.0,86.10644822334854,0.8,0.0038142486081133354,0.3379043537696887,3.546509317434268,0.9515379927132598,1.1069954623543765e-5
20.0,93.27675586560949,0.8,0.003196826733335684,0.3378939325494538,3.546600880744332,0.9515363346427698,8.876992668938044e-6
20.0,100.6601390856064,0.8,0.0026650100978729573,0.33788642760912174,3.5466668246435185,0.9515351405039231,7.107469132350275e-6
20.0,108.25257167054073,0.8,0.0022092837998950723,0.3378810799074997,3.5467138153625775,0.9515342895787706,6.1534178023237015e-6
20.0,116.05028191168671,0.8,0.0017784989646839205,0.3378769442640385,3.5467501567044195,0.951533631497485,2.2041780824544333e-5
25.0,0.3713755120762506,0.8,0.0,0.33786932946913123,3.5468170730351507,0.9515326691497593,-0.0019267644509771032
25.0,1.4971755441767614,0.8,0.0008068398071537606,0.3378708966730201,3.5468033006974187,0.9515326691497593,-0.0013369999261152899
25.0,3.2796094477199516,0.8,0.007848259134951562,0.33801761549169723,3.5455145598201634,0.9515560066136143,-0.0011757688845053238
25.0,5.566596934084805,0.8,0.016677234413301992,0.3385389228320161,3.5409451247915897,0.9516387625164238,-0.0003127961101290211
25.0,8.289928060180161,0.8,0.02327234168758023,0.3391732611388962,3.535405059482986,0.9517391165707719,0.00025923106860137324
25.0,11.406269766435727,0.8,0.02408100044156551,0.33926545799288127,3.534601680042677,0.9517536709333128,0.00031338300035663733
25.0,14.884584669074052,0.8,0.022254532207386088,0.33906169541881803,3.5363778350572996,0.9517214939518577,0.00023382805282068375
25.0,18.70109260378885,0.8,0.020116672787303592,0.338843603091735,3.5382814146153057,0.9516870109514242,0.00017025179224194886
25.0,22.836754230877155,0.8,0.018098509666413055,0.3386579187623544,3.539904180049645,0.9516576168211952,0.00012847227456287414
25.0,27.275842503994657,0.8,0.01620163628896609,0.338501275721694,3.541274613601389,0.9516327947448857,9.958875835209824e-5
25.0,32.00505900686991,0.8,0.014416818600036097,0.3383697082097989,3.5424267087472803,0.9516119283404926,7.849821197876139e-5
25.0,37.01295223591009,0.8,0.012747377417792334,0.33826053021627334,3.543383468761558,0.9515946004833573,6.252645779234456e-5
25.0,42.289516044382495,0.8,0.011199327516379172,0.3381712830935636,3.5441660559424824,0.9515804275353086,5.013415697607826e-5
25.0,47.82590185828014,0.8,0.00977716531289171,0.3380994635614322,3.5447961433174764,0.9515690167228651,4.035855461967941e-5
25.0,53.6142060530465,0.8,0.008482696445944047,0.33804255897070073,3.545295580791706,0.9515599721600547,3.255902576846381e-5
25.0,59.64730884488007,0.8,0.007314957087892987,0.3379981475301132,3.54568549308225,0.9515529111630413,2.6288205141078437e-5
25.0,65.91874958842811,0.8,0.006270536576050658,0.33796398848366904,3.545985468054665,0.9515474789296225,2.1221321295961105e-5
25.0,72.42262847991273,0.8,0.005344038595179305,0.3379380824079405,3.5462130107443293,0.9515433584105539,1.711507070165652e-5
25.0,79.15352784330068,0.8,0.004528568418684724,0.3379187006605326,3.54638327206438,0.951540275210185,1.378251178003609e-5
25.0,86.10644822334854,0.8,0.0038161941277743134,0.3379043895082841,3.5465090034368205,0.9515379983992795,1.1077103119916387e-5
25.0,93.27675586560949,0.8,0.003198357179817336,0.33789395611203826,3.546600673711118,0.9515363383918158,8.882348699223996e-6
25.0,100.6601390856064,0.8,0.0026662061947876963,0.3378864429603856,3.546666689752901,0.9515351429465739,7.116100321269414e-6
25.0,108.25257167054073,0.8,0.002209828336947061,0.33788108570063563,3.546713764456932,0.9515342905005878,6.289228149825021e-6
25.0,116.05028191168671,0.8,0.001768478277459502,0.33787685869689715,3.5467509086227182,0.9515336178815044,2.191691122845896e-5
30.0,0.3713755120762506,0.8,0.0,0.33786932946913123,3.5468170730351507,0.9515337709745342,-0.0012221064338852727
30.0,1.4971755441767614,0.8,0.0018780709294410674,0.33787782078456013,3.546742454333915,0.9515337709745342,-0.001463304840256896
30.0,3.2796094477199516,0.8,0.006742051352922309,0.3379787596079619,3.545855744364609,0.9515498280825382,-0.0010689563892464448
30.0,5.566596934084805,0.8,0.015245929385935872,0.33842891808614317,3.541908108802113,0.9516213209551048,-0.00041428105189496024
30.0,8.289928060180161,0.8,0.02219974506412102,0.339055831519364,3.5364289830047557,0.9517205673833431,0.00016992610218728997
30.0,11.406269766435727,0.8,0.023878709722477458,0.3392420990094245,3.5348051802646325,0.9517499841949187,0.0002960075031237963
30.0,14.884584669074052,0.8,0.022341753135429254,0.3390710605523115,3.536296151444213,0.9517229736916942,0.0002353311323568974
30.0,18.70109260378885,0.8,0.020199570494847267,0.3388516496316125,3.5382111355830084,0.9516882839989972,0.00017205518063487802
30.0,22.836754230877155,0.8,0.01815013611604041,0.3386624242705678,3.539864782331988,0.9516583304343392,0.00012935327530154693
30.0,27.275842503994657,0.8,0.016234666678608,0.33850385512365416,3.5412520361018633,0.9516332036709797,0.00010002831223836495
30.0,32.00505900686991,0.8,0.014439326433266411,0.33837127186557897,3.542413010719094,0.9516121764297271,7.873942896701181e-5
30.0,37.01295223591009,0.8,0.012763422399532985,0.33826151565234486,3.543374830151094,0.9515947569341964,6.266911788319618e-5
30.0,42.289516044382495,0.8,0.011211121019496341,0.3381719193838017,3.5441604749090687,0.9515805286084271,5.022328353856409e-5
30.0,47.82590185828014,0.8,0.00978602189191259,0.33809988068513525,3.5447924829854602,0.9515690830102814,4.041659584839152e-5
30.0,53.6142060530465,0.8,0.008489450182862662,0.33804283492558723,3.5452931583732092,0.9515600160284269,3.259805910111879e-5
30.0,59.64730884488007,0.8,0.0073201641373739955,0.33799833099103804,3.545683882154751,0.9515529403354231,2.6315126148901412e-5
30.0,65.91874958842811,0.8,0.006274582587767109,0.3379641106794544,3.5459843948514647,0.951547498364101,2.1240261603416853e-5
30.0,72.42262847991273,0.8,0.005347199520001626,0.33793816376505215,3.546212296096592,0.951543371351892,1.7128607157523845e-5
30.0,79.15352784330068,0.8,0.004531046765380311,0.33791875471411154,3.546382797195289,0.9515402838093889,1.3792306718407587e-5
30.0,86.10644822334854,0.8,0.0038181415427878443,0.33790442529994774,3.5465086889731907,0.9515380040937416,1.1084262411209523e-5
30.0,93.27675586560949,0.8,0.003199888845890788,0.33789397970469054,3.5466004664137416,0.9515363421456455,8.887759020836939e-6
30.0,100.6601390856064,0.8,0.0026673993877319303,0.3378864582812418,3.546666555129489,0.9515351453843862,7.125798868301558e-6
30.0,108.25257167054073,0.8,0.002210291911948539,0.33788109063357036,3.54671372111008,0.9515342912855278,6.421866478945048e-6
30.0,116.05028191168671,0.8,0.0017586213965990252,0.3378767750001938,3.5467516441049973,0.9515336045631528,2.1794086645243736e-5
35.0,0.3713755120762506,0.8,0.0,0.33786932946913123,3.5468170730351507,0.9515328805695357,-0.0013540686701992044
35.0,1.4971755441767614,0.8,0.001096751230173375,0.3378722252597147,3.546791625395788,0.9515328805695357,-0.0011781467216959384
35.0,3.2796094477199516,0.8,0.00629245640914615,0.33796465143961507,3.545979645552413,0.9515475843684664,-0.0010178720675662945
35.0,5.566596934084805,0.8,0.014050607820910015,0.33834460969651453,3.5426465966059806,0.9516079459010307,-0.0004711349752870575
35.0,8.289928060180161,0.8,0.021169179613815214,0.3389482230473403,3.5373679333598114,0.951703558187797,9.017921837219944e-5
35.0,11.406269766435727,0.8,0.023585412662700443,0.33920858135982906,3.5350972334089796,0.9517446932258304,0.000272981990313248
35.0,14.884584669074052,0.8,0.02239618380209068,0.3390769234790608,3.5362450168623676,0.9517239000227686,0.00023511659051145273
35.0,18.70109260378885,0.8,0.020279981390060996,0.33885948640833524,3.538142692045408,0.9516895238013486,0.00017373882658731077
35.0,22.836754230877155,0.8,0.018202703981487763,0.338667025126084,3.5398245520139304,0.9516590591295269,0.0001302582457975987
35.0,27.275842503994657,0.8,0.016268208495305497,0.33850647984036764,3.5412290623376212,0.9516336197746235,0.00010047922876541549
35.0,32.00505900686991,0.8,0.014462051795366863,0.3383728531084363,3.5423991587603294,0.9516124273069773,7.89845972695602e-5
35.0,37.01295223591009,0.8,0.012779568220348427,0.3382625085330288,3.5433661263331304,0.9515949145660373,6.281328792177022e-5
35.0,42.289516044382495,0.8,0.011222966068406188,0.3381725591291966,3.5441548635922433,0.9515806302300034,5.0313056644313295e-5
35.0,47.82590185828014,0.8,0.009794906855243498,0.33810029952518134,3.54478880760189,0.9515691495702857,4.047493965586568e-5
35.0,53.6142060530465,0.8,0.00849622046921728,0.338043111777113,3.545290728087955,0.9515600600392649,3.263724427462478e-5
35.0,59.64730884488007,0.8,0.007325381284073078,0.33799851493865035,3.5456822669556307,0.9515529695851617,2.634212781149614e-5
35.0,65.91874958842811,0.8,0.006278634990706901,0.33796423314727314,3.5459833192599137,0.9515475178418304,2.1259246830318545e-5
35.0,72.42262847991273,0.8,0.005350364613670362,0.3379382452776663,3.5462115800832703,0.9515433843179597,1.7142169649986272e-5
35.0,79.15352784330068,0.8,0.004533527899150854,0.33791880885810144,3.5463823215320875,0.9515402924229732,1.3802117306660477e-5
35.0,86.10644822334854,0.8,0.0038200908562496224,0.33790446114478984,3.5465083740424066,0.9515380097966629,1.1091433047560884e-5
35.0,93.27675586560949,0.8,0.003201421695354598,0.33789400332687963,3.546600258856868,0.9515363459041742,8.893232602602551e-6
35.0,100.6601390856064,0.8,0.0026685890278988354,0.3378864735633039,3.54666642084697,0.9515351478160254,7.1365187533700695e-6
35.0,108.25257167054073,0.8,0.0022106772352061313,0.3378810947346101,3.5467136850732865,0.9515342919380947,6.551410582034123e-6
35.0,116.05028191168671,0.8,0.0017489250529582215,0.3378766931230775,3.546752363598086,0.951533591534339,2.1673266203947605e-5
40.0,0.3713755120762506,0.8,0.0,0.33786932946913123,3.5468170730351507,0.9515330953613527,-0.001103681260320144
40.0,1.4971755441767614,0.8,0.0013279843943526152,0.3378735750474698,3.5467797638841736,0.9515330953613527,-0.0011557457210512822
40.0,3.2796094477199516,0.8,0.005712877574864979,0.33794790043804207,3.5461267709777182,0.9515449201027697,-0.0009491335282515223
40.0,5.566596934084805,0.8,0.013076755573532795,0.3382810081462037,3.5432039644411897,0.9515978514336068,-0.0005036959475875236
40.0,8.289928060180161,0.8,0.020203772081781007,0.3388520583436173,3.538207565958912,0.9516883486599285,2.212892868360683e-5
40.0,11.406269766435727,0.8,0.023225605917760437,0.339168028972131,3.535450665143326,0.9517382903726461,0.00024638508177332596
40.0,14.884584669074052,0.8,0.022415343897553012,0.3390789906787218,3.536226987852668,0.9517242266286255,0.00023305611265680425
40.0,18.70109260378885,0.8,0.02035576922965783,0.33886690113203993,3.5380779376610825,0.951690696780483,0.0001752071344215622
40.0,22.836754230877155,0.8,0.018255936050089478,0.33867169767529104,3.5397836959879982,0.9516597991593571,0.0001311771697322328
40.0,27.275842503994657,0.8,0.016302264604715167,0.3385091503446062,3.5412056881902543,0.9516340431304293,0.00010094155455053766
40.0,32.00505900686991,0.8,0.014485002382459427,0.33837445254655785,3.542385147547834,0.9516126810686575,7.923389550477112e-5
40.0,37.01295223591009,0.8,0.012795817445671688,0.3382635090399062,3.5433573557171223,0.9515950734076877,6.295901841006924e-5
40.0,42.289516044382495,0.8,0.011234863515586578,0.3381732023846837,3.544149221510539,0.9515807324087566,5.04034905690176e-5
40.0,47.82590185828014,0.8,0.009803820522268206,0.33810072010028996,3.5447851170026223,0.9515692164058508,4.053359063593831e-5
40.0,53.6142060530465,0.8,0.008503007437753061,0.3380433895323312,3.5452882898740663,0.9515601041936891,3.2676582946855606e-5
40.0,59.64730884488007,0.8,0.00733060858781973,0.33799869937582294,3.545680647459676,0.9515529989127136,2.6369210781318487e-5
40.0,65.91874958842811,0.8,0.006282693813660374,0.33796435588837004,3.5459822412690873,0.951547537363009,2.12782772530673e-5
40.0,72.42262847991273,0.8,0.00535353389081724,0.33793832694635073,3.5462108626993865,0.9515433973088467,1.7155758305698044e-5
40.0,79.15352784330068,0.8,0.0045360118277453015,0.33791886309277147,3.546381845072408,0.951540301050981,1.3811943626684809e-5
40.0,86.10644822334854,0.8,0.003822042070861514,0.3379044970429136,3.546508058643566,0.9515380155080603,1.1098615658511335e-5
40.0,93.27675586560949,0.8,0.0032029556866083725,0.3378940269779902,3.5466000510459104,0.951536349667304,8.898777816490622e-6
40.0,100.6601390856064,0.8,0.0026697745022467474,0.3378864887986306,3.546666286975125,0.951535150240228,7.148215534868996e-6
40.0,108.25257167054073,0.8,0.0022109869378468044,0.3378810980313291,3.546713656104247,0.9515342924626762,6.6779362507318755e-6
40.0,116.05028191168671,0.8,0.0017393860516026686,0.33787661301630645,3.5467530675346675,0.9515335787872278,2.1554409962831756e-5
45.0,0.3713755120762506,0.8,0.0,0.33786932946913123,3.5468170730351507,0.9515328539085864,-0.0010890248746761699
45.0,1.4971755441767614,0.8,0.0010645513027627053,0.3378720577186017,3.5467930977015847,0.9515328539085864,-0.0010297102780825185
45.0,3.2796094477199516,0.8,0.005350951809280271,0.3379382604053823,3.5462114472002457,0.9515433867242981,-0.0009006885270537168
45.0,5.566596934084805,0.8,0.0122444553782984,0.33823027060413,3.543648759082576,0.951589795928611,-0.0005199965007737006
45.0,8.289928060180161,0.8,0.019312574251272755,0.3387672700087374,3.5389482894498014,0.9516749312250766,-3.4591142507345295e-5
45.0,11.406269766435727,0.8,0.022820361674840108,0.33912310212578145,3.535842327075609,0.9517311950327538,0.00021798476457917103
45.0,14.884584669074052,0.8,0.02239923992673584,0.3390772530885354,3.5362421421691828,0.9517239520994702,0.00022918770091617802
45.0,18.70109260378885,0.8,0.02042496292295449,0.3388736948724632,3.5380186091011576,0.9516917714772462,0.00017637204501639304
45.0,22.836754230877155,0.8,0.018309465140202274,0.3386764100568884,3.53974249288706,0.9516605454769616,0.00013209640423390568
45.0,27.275842503994657,0.8,0.01633682299020243,0.33851186594413885,3.5411819197386523,0.9516344736283143,0.00010141485948302886
45.0,32.00505900686991,0.8,0.01450818526437214,0.3383760707484982,3.542370972105899,0.9516129378048886,7.948748593786804e-5
45.0,37.01295223591009,0.8,0.012812172750015583,0.3382645173622417,3.5433485166452114,0.9515952334891731,6.31063623613315e-5
45.0,42.289516044382495,0.8,0.011246814249550256,0.3381738492073838,3.5441435481633055,0.9515808351537546,5.0494600297845695e-5
45.0,47.82590185828014,0.8,0.009812763221611162,0.3381011424296838,3.5447814110190943,0.9515692835200295,4.0592553541785034e-5
45.0,53.6142060530465,0.8,0.00850981122385624,0.33804366819842474,3.5452858436685335,0.9515601484928409,3.271607681352151e-5
45.0,59.64730884488007,0.8,0.007335846109296717,0.33799888430546615,3.5456790236413473,0.9515530283185418,2.6396375724502264e-5
45.0,65.91874958842811,0.8,0.006286759085724478,0.3379644789040026,3.5459811608679477,0.9515475569278361,2.1297353153215682e-5
45.0,72.42262847991273,0.8,0.005356707366193618,0.3379384087716774,3.5462101439399136,0.9515434103246443,1.716937325060286e-5
45.0,79.15352784330068,0.8,0.004538498558940444,0.33791891741839175,3.546381367813881,0.9515403096934548,1.382178576694315e-5
45.0,86.10644822334854,0.8,0.0038239951888846763,0.33790453299441414,3.5465077427758294,0.9515380212279487,1.1105810945366556e-5
45.0,93.27675586560949,0.8,0.0032044907731037745,0.33789405065732947,3.546599842986951,0.9515363534349248,8.904402459464223e-6
45.0,100.6601390856064,0.8,0.002670955232075959,0.33788650397970826,3.5466661535799737,0.9515351526557986,7.160846297793455e-6
45.0,108.25257167054073,0.8,0.002211223574105331,0.3378811005505832,3.5467136339669714,0.9515342928635458,6.8015173297908404e-6
45.0,116.05028191168671,0.8,0.0017300012699795451,0.33787653463219103,3.5467537563337923,0.9515335663142308,2.143747888450065e-5
50.0,0.3713755120762506,0.8,0.0,0.33786932946913123,3.5468170730351507,0.9515328690884969,-0.0009775146542674307
50.0,1.4971755441767614,0.8,0.0010830023047176777,0.3378721531112505,3.546792259416706,0.9515328690884969,-0.0009816690819860695
50.0,3.2796094477199516,0.8,0.004985571697334094,0.3379291681297588,3.5462913167303554,0.9515419403934292,-0.0008514159021434153
50.0,5.566596934084805,0.8,0.011535131339021377,0.3381896625416731,3.5440048549814223,0.9515833469107897,-0.00052697286182255
50.0,8.289928060180161,0.8,0.018494150450322096,0.3386927745844253,3.539599417737758,0.9516631370265002,-8.120505952931012e-5
50.0,11.406269766435727,0.8,0.02238662368254295,0.3390758926905019,3.5362540069360917,0.951723737162508,0.00018913009946732728
50.0,14.884584669074052,0.8,0.02234959968922006,0.3390719048531633,3.5362887876049767,0.951723107091581,0.00022366297505165277
50.0,18.70109260378885,0.8,0.020485885505771854,0.33887969560742476,3.5379662078229757,0.9516927206930011,0.00017716067090649544
50.0,22.836754230877155,0.8,0.018362855770936475,0.33868112399490063,3.539701277396255,0.9516612920201567,0.0001329995543517981
50.0,27.275842503994657,0.8,0.016371854295603245,0.33851462457552944,3.541157775062865,0.9516349109408291,0.00010189814295245015
50.0,32.00505900686991,0.8,0.014531606316316757,0.3383777082031452,3.5423566281569387,0.9516131975931488,7.974549787821416e-5
50.0,37.01295223591009,0.8,0.01282863688237771,0.3382655336949039,3.5433396074104824,0.9515953948414086,6.325537448255147e-5
50.0,42.289516044382495,0.8,0.011258819195754312,0.33817449965666607,3.544137843030199,0.9515809384744206,5.058640154995686e-5
50.0,47.82590185828014,0.8,0.009821735291648457,0.33810156653311546,3.5447776894781002,0.9515693509159583,4.0651833294802485e-5
50.0,53.6142060530465,0.8,0.008516631965662142,0.3380439477827109,3.545283389407163,0.9515601929378827,3.275572761349821e-5
50.0,59.64730884488007,0.8,0.00734109391006849,0.33799906973052907,3.545677395474762,0.9515530578031144,2.6423623316063072e-5
50.0,65.91874958842811,0.8,0.00629083083630802,0.33796460219544017,3.5459800780453525,0.951547576536514,2.1316474814625508e-5
50.0,72.42262847991273,0.8,0.005359885054669384,0.33793849075422266,3.546209423799793,0.9515434233654438,1.718301461437477e-5
50.0,79.15352784330068,0.8,0.004540988100538142,0.33791897183523373,3.5463808897541234,0.9515403183504378,1.3831643823358775e-5
50.0,86.10644822334854,0.8,0.003825950212099063,0.33790456899937804,3.54650742643844,0.9515380269563419,1.1113019673203439e-5
50.0,93.27675586560949,0.8,0.003206026903768276,0.3378940743641331,3.5465996346867033,0.951536357206915,8.910113784565965e-6
50.0,100.6601390856064,0.8,0.0026721306716586926,0.33788651909943473,3.5466660207239253,0.9515351550616066,7.174369606310904e-6
50.0,108.25257167054073,0.8,0.002211389623545196,0.33788110231852364,3.5467136184316668,0.9515342931448646,6.922225770722434e-6
50.0,116.05028191168671,0.8,0.001720767656135966,0.3378764579245394,3.5467544304013456,0.9515335541079983,2.1322434816894997e-5
55.0,0.3713755120762506,0.8,0.0,0.33786932946913123,3.5468170730351507,0.9515327822157552,-0.0009357021499132756
55.0,1.4971755441767614,0.8,0.0009726911692805207,0.3378716071917052,3.546797056817278,0.9515327822157552,-0.0009108644939500365
55.0,3.2796094477199516,0.8,0.0047052279774357254,0.3379226277441622,3.546348772444474,0.95154089994965,-0.0008109256637515827
55.0,5.566596934084805,0.8,0.010915934274628577,0.3381561946941541,3.544298405954237,0.9515780306685774,-0.0005277064761795458
55.0,8.289928060180161,0.8,0.017744203686729,0.3386273443259587,3.5401715628909143,0.9516527737285686,-0.00011923580333803586
55.0,11.406269766435727,0.8,0.021937357027048555,0.3390279483886615,3.536672219739617,0.9517161610630809,0.00016077787981139124
55.0,14.884584669074052,0.8,0.022269213913284527,0.3390632692663555,3.536364107469481,0.951721742633711,0.0002166992882907337
55.0,18.70109260378885,0.8,0.02053721553752991,0.3388847653729538,3.537921937750345,0.9516935226186257,0.0001775189935919741
55.0,22.836754230877155,0.8,0.01841562900704561,0.3386857969127949,3.5396604217607197,0.951662032046388,0.00013386854408921068
55.0,27.275842503994657,0.8,0.016407310628226694,0.3385174226944656,3.541133285202921,0.9516353545057891,0.00010238978601790904
55.0,32.00505900686991,0.8,0.014555269618989359,0.33837936527707657,3.5423421124950187,0.9516134604915065,8.000800971554866e-5
55.0,37.01295223591009,0.8,0.012845212614992631,0.338266558235238,3.543330626284354,0.9515955574957009,6.340610988981865e-5
55.0,42.289516044382495,0.8,0.011270879316299878,0.33817515379414387,3.544132105571202,0.9515810423805353,5.067891077050746e-5
55.0,47.82590185828014,0.8,0.009830737081003203,0.33810199243089323,3.5447739522015516,0.9515694185968626,4.071143499384533e-5
55.0,53.6142060530465,0.8,0.008523469804173038,0.3380442282926471,3.54528092702454,0.9515602375299991,3.2795537126695254e-5
55.0,59.64730884488007,0.8,0.007346352052603567,0.3379992556540004,3.545675762933692,0.9515530873669067,2.645095424504973e-5
55.0,65.91874958842811,0.8,0.006294909095139304,0.3379647257639647,3.545978992790049,0.9515475961892461,2.1335642525599496e-5
55.0,72.42262847991273,0.8,0.005363066971236108,0.3379385728945668,3.546208702273926,0.9515434364313379,1.7196682527043095e-5
55.0,79.15352784330068,0.8,0.004543480460358206,0.3379190263435692,3.546380410890743,0.9515403270219734,1.3841517901802548e-5
55.0,86.10644822334854,0.8,0.0038279071417695733,0.3379046050578823,3.5465071096307192,0.951538032693252,1.1120242664119928e-5
55.0,93.27675586560949,0.8,0.0032075640234086023,0.33789409809757204,3.5465994261524587,0.9515363609831425,8.915918523300092e-6
55.0,100.6601390856064,0.8,0.002673300306918386,0.33788653415110326,3.546665888465913,0.9515351574565855,7.188745453312606e-6
55.0,108.25257167054073,0.8,0.0022114874932141087,0.33788110336061133,3.5467136092745983,0.9515342933106838,7.040131680646766e-6
55.0,116.05028191168671,0.8,0.0017116822269843638,0.3378763828486047,3.546755090130525,0.95153354216141,2.1209240468778034e-5
60.0,0.3713755120762506,0.8,0.0,0.33786932946913123,3.5468170730351507,0.9515327608045137,-0.0008722150110443749
60.0,1.4971755441767614,0.8,0.0009435242310916445,0.33787147264096645,3.5467982392170967,0.9515327608045137,-0.0008656477830545128
60.0,3.2796094477199516,0.8,0.004445253945932158,0.3379169007516157,3.5463990846360027,0.9515399888670859,-0.0007729704774959601
60.0,5.566596934084805,0.8,0.010373129165894718,0.3381283744269742,3.544542468221924,0.9515736107177863,-0.00052469277925411
60.0,8.289928060180161,0.8,0.017056510384459055,0.33856972602637003,3.54067559207322,0.9516436444061156,-0.00015012946419830088
60.0,11.406269766435727,0.8,0.02148219177968356,0.3389803659483421,3.537087400356017,0.9517086400122968,0.00013356062452203333
60.0,14.884584669074052,0.8,0.022161428756274377,0.33905173909363445,3.5364646803610134,0.9517199207104396,0.00020854276810435834
60.0,18.70109260378885,0.8,0.020577999156559282,0.33888880253651327,3.5378866855439575,0.9516941611920171,0.0001774125669779636
60.0,22.836754230877155,0.8,0.018467286848680278,0.338690384055641,3.539620317227181,0.9516627584688793,0.0001346846963006243
60.0,27.275842503994657,0.8,0.01644312557961844,0.33852025526075297,3.5411084942889235,0.9516358035239181,0.0001028875501555504
60.0,32.00505900686991,0.8,0.014579176876054709,0.3383810421727021,3.542327423352456,0.9516137265319824,8.027503122516322e-5
60.0,37.01295223591009,0.8,0.012861902676130032,0.3382675911789288,3.5433215715528568,0.9515957214830929,6.355862239271204e-5
60.0,42.289516044382495,0.8,0.011282995608044211,0.33817581168358596,3.544126335227391,0.9515811468822211,5.0772145090505204e-5
60.0,47.82590185828014,0.8,0.009839768948997143,0.33810242014390574,3.544770199006288,0.9515694865660596,4.077136392357517e-5
60.0,53.6142060530465,0.8,0.008530324883377668,0.3380445097358358,3.545278456453964,0.9515602822703981,3.283550718045092e-5
60.0,59.64730884488007,0.8,0.007351620600303967,0.33799944207891025,3.5456741259915523,0.9515531170104004,2.6478369212412643e-5
60.0,65.91874958842811,0.8,0.006298993892272228,0.33796484961087125,3.545977905090669,0.9515476158862387,2.1354856578703617e-5
60.0,72.42262847991273,0.8,0.005366253131007989,0.3379386551932948,3.546207979357182,0.9515434495224191,1.721037712165696e-5
60.0,79.15352784330068,0.8,0.004545975646235882,0.3379190809436715,3.5463799312213444,0.9515403357081053,1.385140811454022e-5
60.0,86.10644822334854,0.8,0.003829865978613989,0.3379046411699943,3.5465067923520786,0.9515380384386901,1.112748079119541e-5
60.0,93.27675586560949,0.8,0.0032091020730923695,0.33789412185675755,3.546599217392019,0.9515363647634661,8.921822910856748e-6
60.0,100.6601390856064,0.8,0.0026744636541558993,0.33788654912838706,3.5466657568615263,0.9515351598397283,7.20393521635998e-6
60.0,108.25257167054073,0.8,0.0022115195197362253,0.3378811037016304,3.5467136062779843,0.9515342933649477,7.1553033743398945e-6
60.0,116.05028191168671,0.8,0.0017027420666139961,0.3378763093610339,3.54675573590227,0.9515335304675676,2.1097859389840322e-5
65.0,0.3713755120762506,0.8,0.0,0.33786932946913123,3.5468170730351507,0.9515327185806011,-0.0008314751155591438
65.0,1.4971755441767614,0.8,0.0008831875740682242,0.33787120730129244,3.5468005709618335,0.9515327185806011,-0.0008178897134763829
65.0,3.2796094477199516,0.8,0.004226072907298634,0.33791232522558484,3.5464392823827366,0.9515392609440525,-0.0007397545706215424
65.0,5.566596934084805,0.8,0.009890922887692376,0.33810485000134277,3.54474887712153,0.9515698726989342,-0.0005191946258024771
65.0,8.289928060180161,0.8,0.01642488746685245,0.3385188120560088,3.54112112531149,0.9516355747481888,-0.00017517095550783067
65.0,11.406269766435727,0.8,0.02102807860173473,0.33893388782721084,3.5374930648264615,0.951701291462548,0.00010786341165260893
65.0,14.884584669074052,0.8,0.02202978582449744,0.3390377326693942,3.536586862341049,0.951717707338173,0.00019944252593795397
65.0,18.70109260378885,0.8,0.02060763000628993,0.33889174071354267,3.5378610301658036,0.9516946259249376,0.00017682525131608174
65.0,22.836754230877155,0.8,0.018517333921357196,0.3386948404208538,3.539581357163327,0.9516634641623943,0.00013542969971247487
65.0,27.275842503994657,0.8,0.016479215290808792,0.33852311580581096,3.5410834589491116,0.9516362569695677,0.00010338861696741475
65.0,32.00505900686991,0.8,0.014603326890493169,0.3383827388901094,3.542312560733964,0.951613995714496,8.054648760200678e-5
65.0,37.01295223591009,0.8,0.012878709669059296,0.3382686327149726,3.5433124415607056,0.951595886833564,6.371296238381064e-5
65.0,42.289516044382495,0.8,0.011295169098793325,0.3381764733907221,3.5441205314226703,0.9515812519899116,5.0866122241899346e-5
65.0,47.82590185828014,0.8,0.009848831266017705,0.33810284969364146,3.544766429703869,0.9515695548269618,4.083162556316467e-5
65.0,53.6142060530465,0.8,0.008537197350377996,0.3380447921200311,3.545275977627417,0.9515603271603115,3.2875639649887487e-5
65.0,59.64730884488007,0.8,0.00735689961753422,0.3379996290083301,3.5456724846213827,0.951553146734083,2.6505868931891997e-5
65.0,65.91874958842811,0.8,0.006303085258094067,0.33796497373746764,3.5459768149357274,0.9515476356276994,2.137411726952365e-5
65.0,72.42262847991273,0.8,0.00536944354922336,0.3379387376509958,3.5462072550443824,0.9515434626387815,1.722409853233131e-5
65.0,79.15352784330068,0.8,0.004548473666014862,0.3379191356358141,3.5463794507435233,0.9515403444088765,1.3861314584318053e-5
65.0,86.10644822334854,0.8,0.0038318267227784456,0.33790467733577034,3.546506474602017,0.9515380441926647,1.1134734972095827e-5
65.0,93.27675586560949,0.8,0.0032106409905094126,0.3378941456407472,3.5465990084136725,0.9515363685477357,8.927832708849338e-6
65.0,100.6601390856064,0.8,0.00267562025882167,0.3378865640253248,3.5466656259631444,0.9515351622100863,7.219901612565138e-6
65.0,108.25257167054073,0.8,0.0022114879713449474,0.3378811033657024,3.5467136092298603,0.9515342933114941,7.267807419353289e-6
65.0,116.05028191168671,0.8,0.0016939443246451716,0.33787623741981965,3.5467563680856995,0.9515335190197872,2.0988255949205836e-5
70.0,0.3713755120762506,0.8,0.0,0.33786932946913123,3.5468170730351507,0.9515326952913843,-0.0007880280850232069
70.0,1.4971755441767614,0.8,0.0008480732209345006,0.3378710609494915,3.546801857069854,0.9515326952913843,-0.0007801217370461799
70.0,3.2796094477199516,0.8,0.004027269907002566,0.33790837515227007,3.5464739862179337,0.951538632508704,-0.0007092510954754161
70.0,5.566596934084805,0.8,0.009460089898883809,0.33808477887573934,3.5449250100659273,0.9515666829940589,-0.000512189164651744
70.0,8.289928060180161,0.8,0.015843334194761624,0.3384736328822897,3.541516594263152,0.9516284119872427,-0.00019543673917823411
70.0,11.406269766435727,0.8,0.02057991234616225,0.33888899211953416,3.537885030141318,0.9516941911787025,8.38910995371478e-5
70.0,14.884584669074052,0.8,0.021877782376833084,0.3390216637724221,3.5367270490649423,0.9517151678159195,0.00018963427098981356
70.0,18.70109260378885,0.8,0.02062581081265141,0.3388935456044343,3.5378452705742984,0.9516949114014063,0.0001757568326421932
70.0,22.836754230877155,0.8,0.018565295332938166,0.3386991223902679,3.539543922792255,0.9516641422216349,0.000136086398750912
70.0,27.275842503994657,0.8,0.01651548032636694,0.33852599656541177,3.541058247146933,0.9516367136117797,0.00010388965993683996
70.0,32.00505900686991,0.8,0.014627715130692722,0.3383844551948173,3.542297526699026,0.9516142680017529,8.08222063312769e-5
70.0,37.01295223591009,0.8,0.012895635980319007,0.3382696830199458,3.543303234761544,0.9515960535751216,6.38691744212494e-5
70.0,42.289516044382495,0.8,0.01130740084133741,0.3381771389829295,3.544114693566491,0.9515813577143019,5.096086041671555e-5
70.0,47.82590185828014,0.8,0.009857924413756223,0.3381032811022035,3.5447626441004734,0.9515696233830796,4.0892225588073924e-5
70.0,53.6142060530465,0.8,0.008544087355517168,0.33804507545314416,3.5452734904754957,0.9515603722009961,3.2915936458266515e-5
70.0,59.64730884488007,0.8,0.007362189169650366,0.33799981644537525,3.545670838795848,0.9515531765384503,2.6533454130373e-5
70.0,65.91874958842811,0.8,0.006307183223331851,0.33796509814507547,3.5459757223136275,0.9515476554138382,2.1393424898796808e-5
70.0,72.42262847991273,0.8,0.005372638241247148,0.33793882026826366,3.546206529330314,0.9515434757805195,1.723784689513508e-5
70.0,79.15352784330068,0.8,0.004550974527540818,0.337919190420271,3.546378969454872,0.9515403531243307,1.3871237444540441e-5
70.0,86.10644822334854,0.8,0.0038337893738162308,0.3379047135552565,3.5465061563801363,0.9515380499551835,1.1142006164632789e-5
70.0,93.27675586560949,0.8,0.003212180710314901,0.33789416944854955,3.5465987992261225,0.9515363723357938,8.933953226986091e-6
70.0,100.6601390856064,0.8,0.0026767696943337032,0.3378865788363058,3.546665495820071,0.9515351645667669,7.236608652583243e-6
70.0,108.25257167054073,0.8,0.002211395049853367,0.3378811023763002,3.5467136179239698,0.951534293154058,7.377708684686013e-6
70.0,116.05028191168671,0.8,0.0016852862146266403,0.33787616698425327,3.5467569870385236,0.9515335078115911,2.088039531678021e-5
75.0,0.3713755120762506,0.8,0.0,0.33786932946913123,3.5468170730351507,0.9515326693631316,-0.0007534334796833519
75.0,1.4971755441767614,0.8,0.0008071848869097926,0.33787089801387127,3.546803288914293,0.9515326693631316,-0.0007442270621318414
75.0,3.2796094477199516,0.8,0.003852115753285559,0.3379050526521661,3.546503177101845,0.9515381039054273,-0.0006817869217455197
75.0,5.566596934084805,0.8,0.00907190175547572,0.33806745987789355,3.5450770097333857,0.9515639303514211,-0.0005042306364796189
75.0,8.289928060180161,0.8,0.015306462286481765,0.338433370628584,3.5418691182316806,0.9516220271396918,-0.00021181464077066892
75.0,11.406269766435727,0.8,0.0201410362778496,0.33884596452160654,3.5382607893568374,0.9516873845608715,6.172291834136701e-5
75.0,14.884584669074052,0.8,0.021708723368265077,0.33900392257221207,3.5368818415387038,0.95171236372211,0.00017933101212683767
75.0,18.70109260378885,0.8,0.020632506535637606,0.33889421072024234,3.5378394630918013,0.951695016600851,0.0001742201561457435
75.0,22.836754230877155,0.8,0.01861073035086879,0.338703189022522,3.5395083718997844,0.951664786165795,0.0001366393841093938
75.0,27.275842503994657,0.8,0.0165518081079448,0.3385288886590546,3.541032936610132,0.9516371720427376,0.00010438693827126144
75.0,32.00505900686991,0.8,0.014652333405872282,0.338386190592887,3.5422823255797913,0.9516145433152967,8.110190762096181e-5
75.0,37.01295223591009,0.8,0.012912683681041745,0.33827074225179565,3.5432939497723708,0.9515962217328137,6.40272946169418e-5
75.0,42.289516044382495,0.8,0.011319691905190932,0.3381778085287939,3.5441088210577285,0.951581464066279,5.105637807751861e-5
75.0,47.82590185828014,0.8,0.009867048785272281,0.33810371439231546,3.544758841996834,0.9515696922380218,4.0953169873070294e-5
75.0,53.6142060530465,0.8,0.008550995052505504,0.3380453597432492,3.545270994927368,0.9515604173937349,3.2956399582317884e-5
75.0,59.64730884488007,0.8,0.007367489323032341,0.3380000043932053,3.545669188487216,0.9515532064240039,2.6561125549129373e-5
75.0,65.91874958842811,0.8,0.006311287819060717,0.33796522283502956,3.545974627212653,0.9515476752448676,2.1412779771168287e-5
75.0,72.42262847991273,0.8,0.005375837222571281,0.33793890304569657,3.5462058022097316,0.951543488947728,1.7251622349512275e-5
75.0,79.15352784330068,0.8,0.004553478238658759,0.33791924529731715,3.5463784873529813,0.951540361854512,1.3881176835539577e-5
75.0,86.10644822334854,0.8,0.0038357539306695144,0.3379047498284872,3.5465058376861345,0.9515380557262518,1.1149295358947597e-5
75.0,93.27675586560949,0.8,0.0032137211644511503,0.33789419327912934,3.546598589838474,0.9515363761274751,8.940189345807426e-6
75.0,100.6601390856064,0.8,0.002677911560936099,0.3378865935560568,3.5466653664786416,0.951535166908931,7.254021603486649e-6
75.0,108.25257167054073,0.8,0.002211242892571253,0.33788110075626143,3.546713632159628,0.9515342928962738,7.485070384838366e-6
75.0,116.05028191168671,0.8,0.0016767650124747888,0.3378760980148797,3.5467575931074427,0.9515334968367012,2.0774243442112095e-5
80.0,0.3713755120762506,0.8,0.0,0.33786932946913123,3.5468170730351507,0.9515326501175783,-0.0007203735868600347
80.0,1.4971755441767614,0.8,0.0007754422261284715,0.33787077707307517,3.5468043517178707,0.9515326501175783,-0.0007132264091547214
80.0,3.2796094477199516,0.8,0.0036932308174935724,0.33790216653467825,3.5465285345019577,0.951537644721289,-0.0006565860298911374
80.0,5.566596934084805,0.8,0.008720232703601607,0.3380523965820197,3.545209225750051,0.951561535994365,-0.0004957334856955598
80.0,8.289928060180161,0.8,0.014809442984817527,0.338397334347105,3.5421847164542846,0.9516163111569632,-0.00022502385879707987
80.0,11.406269766435727,0.8,0.019713647904524227,0.338804954702329,3.538619021736051,0.9516808955201927,4.135378371543652e-5
80.0,14.884584669074052,0.8,0.0215256390609942,0.3389848647999397,3.537048140321791,0.9517093512078264,0.00016871875859933994
80.0,18.70109260378885,0.8,0.02062789573106362,0.3388937526854619,3.537843462436294,0.9516949441548583,0.0001722381930477468
80.0,22.836754230877155,0.8,0.018653242053561524,0.3387070030079638,3.539475030494386,0.9516653900896335,0.00013707538954204067
80.0,27.275842503994657,0.8,0.016588075674876156,0.3385317822983772,3.5410076130059047,0.9516376307108181,0.00010487640333014525
80.0,32.00505900686991,0.8,0.01467716965998809,0.3383879443141157,3.5422669641281597,0.9516148215328466,8.13851987633285e-5
80.0,37.01295223591009,0.8,0.012929854425343444,0.33827181054339767,3.5432845854299972,0.9515963913277086,6.418734793811609e-5
80.0,42.289516044382495,0.8,0.011332043366017277,0.33817848209753953,3.544102913289667,0.951581571056831,5.1152693702505304e-5
80.0,47.82590185828014,0.8,0.00987620478483232,0.3381041495873172,3.5447550231882787,0.9515697613954948,4.1014464487254544e-5
80.0,53.6142060530465,0.8,0.008557920598542476,0.33804564499858875,3.5452684909107206,0.9515604627398373,3.2997031051884564e-5
80.0,59.64730884488007,0.8,0.007372800145115633,0.3380001928550259,3.5456675336673604,0.9515532363912537,2.6588883944356212e-5
80.0,65.91874958842811,0.8,0.006315399076713543,0.3379653478086788,3.545973529620959,0.9515476951210019,2.143218219412546e-5
80.0,72.42262847991273,0.8,0.005379040508815781,0.3379389859838971,3.5462050736773354,0.9515435021405031,1.7265425036327997e-5
80.0,79.15352784330068,0.8,0.00455598480720565,0.33791930026722744,3.5463780044354363,0.9515403705994637,1.3891132909016336e-5
80.0,86.10644822334854,0.8,0.003837720391655299,0.33790478615548536,3.5465055185198064,0.9515380615058732,1.1156603576090163e-5
80.0,93.27675586560949,0.8,0.0032152622824556847,0.33789421713141204,3.546598380260161,0.9515363799226094,8.94654553498242e-6
80.0,100.6601390856064,0.8,0.0026790454846012473,0.33788660817962834,3.546665237982349,0.9515351692357912,7.272106942579626e-6
80.0,108.25257167054073,0.8,0.0022110335741620224,0.33788109852780274,3.5467136517416145,0.9515342925416762,7.589954124753717e-6
80.0,116.05028191168671,0.8,0.0016683780549529282,0.33787603047345394,3.5467581866285123,0.9515334860890318,2.066976703680723e-5
85.0,0.3713755120762506,0.8,0.0,0.33786932946913123,3.5468170730351507,0.9515326318749899,-0.0006916610356469732
85.0,1.4971755441767614,0.8,0.0007441047841379911,0.33787066243508257,3.5468053591344177,0.9515326318749899,-0.0006846050970072071
85.0,3.2796094477199516,0.8,0.003550009661211661,0.3378996691118766,3.5465504772056167,0.9515372473724931,-0.0006335486480748998
85.0,5.566596934084805,0.8,0.008399733418723685,0.3380391870554356,3.545325180860121,0.9515594361230203,-0.0004869530772939612
85.0,8.289928060180161,0.8,0.014348045557644937,0.33836494554953717,3.542468431708968,0.9516111726837979,-0.0002356454823100762
85.0,11.406269766435727,0.8,0.01929910709032028,0.3387660180834992,3.5389592294060845,0.9516747330619937,2.2724683339703234e-5
85.0,14.884584669074052,0.8,0.021331247744701073,0.3389648067495072,3.5372231890289734,0.9517061802086486,0.00015795552582087424
85.0,18.70109260378885,0.8,0.020612324205400483,0.33889220657547353,3.53785696242709,0.951694699609806,0.0001698412960706719
85.0,22.836754230877155,0.8,0.018692483392469695,0.3387105313138796,3.5394441871756612,0.9516659487654893,0.00013738351616705559
85.0,27.275842503994657,0.8,0.01662415257265749,0.33853466700931106,3.5409823679959946,0.951638087955817,0.00010535380939273864
85.0,32.00505900686991,0.8,0.014702207884544847,0.3383897153034447,3.542251451590899,0.9516151024869353,8.167157243743617e-5
85.0,37.01295223591009,0.8,0.012947149349671559,0.3382728879961195,3.5432751408474754,0.9515965623758706,6.434934554953032e-5
85.0,42.289516044382495,0.8,0.011344456292819036,0.3381791597583352,3.544096969656085,0.9515816786969374,5.1249825485655265e-5
85.0,47.82590185828014,0.8,0.009885392827485791,0.3381045867111471,3.544751187464893,0.9515698308593006,4.107611568482383e-5
85.0,53.6142060530465,0.8,0.008564864154427802,0.3380459312275799,3.545265978351718,0.9515605082406405,3.3037832953297654e-5
85.0,59.64730884488007,0.8,0.007378121704427052,0.33800038183408987,3.545665874307731,0.9515532664407162,2.6616730085571304e-5
85.0,65.91874958842811,0.8,0.0063195170280856165,0.3379654730673864,3.5459724295265813,0.9515477150424578,2.145163248261639e-5
85.0,72.42262847991273,0.8,0.00538224811573218,0.33793906908347277,3.546204343727795,0.9515435153589409,1.727925509946715e-5
85.0,79.15352784330068,0.8,0.004558494241004862,0.33791935533027695,3.546377520699815,0.9515403793592296,1.3901105827152093e-5
85.0,86.10644822334854,0.8,0.0038396887544573707,0.3379048225362623,3.546505198881055,0.9515380672940494,1.116393185878195e-5
85.0,93.27675586560949,0.8,0.0032168039917467544,0.3378942410042884,3.546598170500933,0.9515363837210196,8.953025876401455e-6
85.0,100.6601390856064,0.8,0.0026801711159716,0.33788662270238184,3.546665110371946,0.9515351715466093,7.290832322048857e-6
85.0,108.25257167054073,0.8,0.0022107691084477746,0.33788109571253305,3.546713676480047,0.951534292093704,7.692419943339246e-6
85.0,116.05028191168671,0.8,0.0016601227381912464,0.3378759643228994,3.5467587679275274,0.9515334755626836,2.056693355463324e-5
90.0,0.3713755120762506,0.8,0.0,0.33786932946913123,3.5468170730351507,0.9515326166815467,-0.0006650415806380039
90.0,1.4971755441767614,0.8,0.0007169605540154879,0.33787056695823936,3.5468061981670367,0.9515326166815467,-0.0006589297856093524
90.0,3.2796094477199516,0.8,0.0034192208962898142,0.3378974747554152,3.546569757410615,0.951536898237749,-0.0006123053198495044
90.0,5.566596934084805,0.8,0.008106268453141696,0.3380275255401802,3.5454275553051833,0.9515575821963564,-0.0004780751790550042
90.0,8.289928060180161,0.8,0.013918556771710895,0.33833571790243727,3.5427245058506847,0.9516065348768211,-0.0002441471432463871
90.0,11.406269766435727,0.8,0.018898170034064854,0.3387291465214191,3.5392814703037825,0.95166889612415,5.744230752036117e-6
90.0,14.884584669074052,0.8,0.02112794792317455,0.3389440241794871,3.53740458391642,0.9517028942710045,0.00014717239053592125
90.0,18.70109260378885,0.8,0.020586263223506988,0.33888962157116087,3.5378795339043507,0.9516942907399493,0.00016706477937251664
90.0,22.836754230877155,0.8,0.01872816023098581,0.33871374556093364,3.539416089853033,0.9516664577027252,0.0001375553129671303
90.0,27.275842503994657,0.8,0.016659903709885456,0.33853753185553076,3.540957297280773,0.9516385420443741,0.00010581482216327487
90.0,32.00505900686991,0.8,0.014727428143957501,0.33839150222023423,3.5422357997158582,0.9516153859647972,8.196040875905198e-5
90.0,37.01295223591009,0.8,0.012964568976717465,0.3382739746736155,3.543265615468462,0.9515967348873775,6.451328229193365e-5
90.0,42.289516044382495,0.8,0.011356931733078427,0.33817984157948205,3.544090989558392,0.9515817869974389,5.1347790978439886e-5
90.0,47.82590185828014,0.8,0.009894613338333772,0.3381050257883107,3.5447473346117784,0.9515699006333308,4.113812988730814e-5
90.0,53.6142060530465,0.8,0.00857182588465582,0.33804621843881816,3.5452634571749515,0.9515605538975103,3.307880743097513e-5
90.0,59.64730884488007,0.8,0.007383454070619476,0.3380005713336987,3.54566421037936,0.9515532965729165,2.6644664758457283e-5
90.0,65.91874958842811,0.8,0.006323641705345829,0.3379655986125297,3.5459713269174284,0.9515477350094541,2.1471130953720773e-5
90.0,72.42262847991273,0.8,0.00538546005920379,0.33793915234503574,3.5462036123557366,0.9515435286031393,1.7293112684590993e-5
90.0,79.15352784330068,0.8,0.004561006547861686,0.33791941048674096,3.546377036143705,0.9515403881338537,1.3911095759944204e-5
90.0,86.10644822334854,0.8,0.0038416590161159518,0.33790485897081735,3.5465048787698867,0.9515380730907806,1.1171281271948885e-5
90.0,93.27675586560949,0.8,0.00321834621789944,0.3378942648966182,3.5465979605708102,0.9515363875225246,8.959634078209433e-6
90.0,100.6601390856064,0.8,0.0026812881293374093,0.33788663711997785,3.546664983685567,0.9515351738406949,7.310166529883588e-6
90.0,108.25257167054073,0.8,0.0022104514501623852,0.33788109233146724,3.5467137061902654,0.9515342915557011,7.792526353256336e-6
90.0,116.05028191168671,0.8,0.0016519965162429793,0.3378758995272682,3.5467593373203687,0.9515334652519365,2.0465711174821877e-5
95.0,0.3713755120762506,0.8,0.0,0.33786932946913123,3.5468170730351507,0.9515326028996998,-0.0006410594280074732
95.0,1.4971755441767614,0.8,0.0006914171357154724,0.33787048035202927,3.5468069592466285,0.9515326028996998,-0.0006353080717790505
95.0,3.2796094477199516,0.8,0.003299683305248542,0.3378955412082069,3.5465867462959095,0.9515365905954791,-0.0005926945007750817
95.0,5.566596934084805,0.8,0.007836317561678774,0.3380171645809366,3.5455185186856784,0.9515559349218247,-0.0004692196386333336
95.0,8.289928060180161,0.8,0.013517735841506895,0.33830924246057936,3.5429565074824327,0.9516023330906341,-0.00025090601559032424
95.0,11.406269766435727,0.8,0.018511162327103363,0.3386942902286423,3.539586167195721,0.9516633770370013,-9.696364021039017e-6
95.0,14.884584669074052,0.8,0.02091782884073107,0.33892275368434505,3.5375902619998327,0.951699530767492,0.0001364757031373287
95.0,18.70109260378885,0.8,0.020550273287694813,0.3388860570856392,3.537910658515931,0.95169372693536,0.0001639468782567377
95.0,22.836754230877155,0.8,0.018760031956297107,0.33871662217647,3.5393909444148415,0.9516669131718438,0.00013758474398493093
95.0,27.275842503994657,0.8,0.016695192064093933,0.33854036565363915,3.540932498715874,0.9516389912040869,0.00010625512011603888
95.0,32.00505900686991,0.8,0.014752806702356432,0.33839330344472096,3.542220022695237,0.9516156717093959,8.225098067615733e-5
95.0,37.01295223591009,0.8,0.012982113126994528,0.33827507059604717,3.5432560091178886,0.9515969088654012,6.467913439980321e-5
95.0,42.289516044382495,0.8,0.011369470696108093,0.33818052762749945,3.544084972413631,0.9515818959688934,5.144660669618162e-5
95.0,47.82590185828014,0.8,0.009903866751462952,0.3381054668438325,3.5447434644094886,0.9515699707215596,4.120051366047761e-5
95.0,53.6142060530465,0.8,0.008578805957490974,0.3380465066410815,3.545260927303417,0.9515605997118409,3.3119956686178396e-5
95.0,59.64730884488007,0.8,0.007388797314504677,0.3380007613572041,3.545662541852827,0.9515533267883873,2.6672688765927432e-5
95.0,65.91874958842811,0.8,0.006327773141046159,0.33796572444550166,3.5459702217812747,0.9515477550222123,2.149067792984738e-5
95.0,72.42262847991273,0.8,0.0053886763552470724,0.33793923576920254,3.5462028795557434,0.9515435418731959,1.7306997940913506e-5
95.0,79.15352784330068,0.8,0.004563521735556345,0.33791946573689463,3.546376550764687,0.9515403969233798,1.3921102890357417e-5
95.0,86.10644822334854,0.8,0.003843631173026681,0.3379048954591378,3.5465045581864123,0.9515380788960646,1.1178652894905383e-5
95.0,93.27675586560949,0.8,0.0032198888849006985,0.3378942888072346,3.5465977504800428,0.9515363913269385,8.966373497187875e-6
95.0,100.6601390856064,0.8,0.0026823962216556098,0.3378866514283631,3.5466648579588265,0.951535176117403,7.330079451506322e-6
95.0,108.25257167054073,0.8,0.002210082496651489,0.3378810884050391,3.546713740692707,0.9515342909309188,7.890330383197863e-6
95.0,116.05028191168671,0.8,0.0016439968996801078,0.33787583605170207,3.5467598951133366,0.9515334551512438,2.036606878270675e-5
100.0,0.3713755120762506,0.8,0.0,0.33786932946913123,3.5468170730351507,0.9515325908686466,-0.0006189198824051445
100.0,1.4971755441767614,0.8,0.0006683210237311708,0.3378704047479827,3.546807623641551,0.9515325908686466,-0.0006137195616824798
100.0,3.2796094477199516,0.8,0.003189669897290163,0.33789382251327743,3.5466018475802508,0.9515363171348915,-0.0005745012360446111
100.0,5.566596934084805,0.8,0.007587015374806336,0.33800790779131185,3.5455997930890653,0.9515544631117928,-0.0004604710397044798
100.0,8.289928060180161,0.8,0.013142746119263894,0.3382851736939165,3.543167453135893,0.9515985126818974,-0.00025622680319443704
100.0,11.406269766435727,0.8,0.018138106958955184,0.33866137332326174,3.5398739720780847,0.9516581639798397,-2.3713202693897983e-5
100.0,14.884584669074052,0.8,0.0207026915369788,0.33890119550062514,3.537778476694512,0.9516961213382813,0.00012594985525709034
100.0,18.70109260378885,0.8,0.02050497371238276,0.33888157942977487,3.537949757794889,0.9516930186751655,0.0001605270929806224
100.0,22.836754230877155,0.8,0.01878791023049334,0.3387191423698974,3.539368914951917,0.9516673122004468,0.00013746807121606253
100.0,27.275842503994657,0.8,0.01672988115339097,0.3385431571732192,3.5409080705615636,0.9516394336552164,0.00010667048531534106
100.0,32.00505900686991,0.8,0.014778316237712042,0.3383951170907548,3.5422041370538935,0.9516159594214458,8.254246219845385e-5
100.0,37.01295223591009,0.8,0.012999780840606158,0.3382761757348907,3.543246322047452,0.9515970843053849,6.48468575247918e-5
100.0,42.289516044382495,0.8,0.01138207413494183,0.3381812179661239,3.5440789176632737,0.9515820056214164,5.154628768231362e-5
100.0,47.82590185828014,0.8,0.009913153508513012,0.33810590990319067,3.544739576634609,0.9515700411280333,4.126327368449978e-5
100.0,53.6142060530465,0.8,0.0085858045450137,0.33804679584333314,3.5452583886584774,0.9515606456850566,3.3161282981453154e-5
100.0,59.64730884488007,0.8,0.0073941515080918965,0.33800095190800933,3.5456608686982687,0.9515533570876689,2.670080292563881e-5
100.0,65.91874958842811,0.8,0.0063319113681287575,0.3379658505677095,3.545969114105762,0.9515477750809566,2.151027373926695e-5
100.0,72.42262847991273,0.8,0.005391897020014229,0.3379393193565948,3.546202145322358,0.9515435551692099,1.7320911020135554e-5
100.0,79.15352784330068,0.8,0.004566039811840689,0.3379195210810132,3.5463760645603464,0.951540405727851,1.3931127408284284e-5
100.0,86.10644822334854,0.8,0.0038456052209365228,0.33790493200119903,3.546504237130853,0.9515380847098974,1.1186047819577993e-5
100.0,93.27675586560949,0.8,0.0032214319153925177,0.3378943127349474,3.5465975402390897,0.951536395134072,8.973247154031582e-6
100.0,100.6601390856064,0.8,0.0026834951116018976,0.33788666562376024,3.5466647332249157,0.9515351783761326,7.3505420360220345e-6
100.0,108.25257167054073,0.8,0.0022096640895244986,0.33788108395311545,3.5467137798128046,0.9515342902225183,7.985887616968057e-6
100.0,116.05028191168671,0.8,0.001636121454223225,0.337875773862395,3.54676044160349,0.9515334452552262,2.026797595551244e-5
